alpha,delta,epsilon_b,epsilon_s,mu
5.607187160380797e-17,0.0,0.0,0.0,0.0
1.1214374320761595e-16,0.0,0.0,0.0,0.0
5.607187160380797e-17,5.607188235157595e-17,0.0,0.0,0.0
3.2836797266017372,0.12854192374013185,0.00070742963750585,0.000755175651501625,0.0006091773527835794
0.0,0.0,0.0,0.0,0.0
0.3926064965810059,0.023107299412364828,5.0192938306081626e-05,1.6509655391895256e-05,3.1789594833094385e-05
0.7717731419691988,0.186774075769003,0.00016633111719290615,0.0001841466102801796,2.8452862301864615e-06
0.0,0.0,0.0,0.0,0.0
2.34812985127129,0.18818646230251548,0.000616104351606091,0.0006851273857066004,1.9036351415367683e-05
4.485749728304638e-16,0.0,0.0,0.0,0.0
0.3288482273359125,0.20735232197815287,5.841317454412124e-05,7.50217125738487e-05,5.773844291387484e-05
0.0,0.0,0.0,0.0,0.0
0.0,0.0,0.0,0.0,0.0
5.607187160380797e-17,0.0,0.0,0.0,0.0
0.0,0.0,0.0,0.0,0.0
2.442945213953016,0.8380892268852184,4.71688137557423e-06,0.0004314569676882431,7.262201095047098e-05
0.0,0.0,0.0,0.0,0.0
0.09674288727078721,0.12290987011525568,7.279639545664514e-06,5.002785354890738e-07,2.9514388647862803e-07
0.6924535452290148,0.018347836856377978,0.0001650576391113529,0.00019593704493501887,2.0118253061910356e-06
1.1214374320761595e-16,5.607188235157595e-17,0.0,0.0,0.0
0.0001068045568256861,5.119437393930657e-06,1.1944943214335974e-08,3.79026004105725e-09,7.306157465736485e-10
0.20478625719655869,0.16546279928034327,2.030455253325089e-05,3.0013837860865146e-05,2.7468979562831804e-05
0.0007951160629923573,6.962700250149592e-05,9.508181734079827e-08,8.853253271082399e-08,8.95306698683399e-11
0.0023054192153253604,0.006082596474023045,2.8074565230340407e-06,2.577513169001408e-06,9.441057811579125e-08
0.006657561764424917,0.0025547910036556173,6.419768036111368e-06,3.992291766650883e-06,9.666835086735128e-08
0.0007111205835623979,9.409564479427779e-06,2.0549129818853124e-07,1.7659359482262626e-07,7.273684877187617e-09
0.0006477897522660418,5.3003635383265865e-05,7.877570420880065e-08,8.138806920649029e-08,1.2347421756175982e-09
0.0009914245983461427,0.00031874524094010044,4.2739112078338414e-07,3.946650234404353e-07,1.2414729791368274e-09
1.794299891321855e-15,0.0,0.0,0.0,0.0
5.607187160380797e-17,0.0,0.0,0.0,0.0
0.08674394393936,0.03102147244678377,2.574799968234726e-05,2.7341087143264787e-05,7.57216469368423e-07
0.0005003757480985719,2.615466668391906e-05,2.6093755765836634e-08,9.120967706850257e-08,2.5224257121897324e-09
0.0,0.0,0.0,0.0,0.0
1.9348742396011454e-06,1.3590514207348373e-06,9.554264693750284e-12,4.582665012400578e-11,9.081950155627942e-11
0.002669744572189176,0.00022819773285957546,2.618768583067948e-07,2.6803899969245e-07,2.3307944344201155e-07
0.0,0.0,0.0,0.0,0.0
0.0,0.0,0.0,0.0,0.0
0.0,0.0,0.0,0.0,0.0
0.7545346161395468,0.8726710906210895,0.0001491119426785432,0.00017995057729580934,0.00016186980593387896
4.304886275282615e-05,3.603307726256594e-05,4.09786406036536e-09,4.127587598345805e-09,4.848201188362519e-09
2.242874864152319e-16,0.0,0.0,0.0,0.0
5.607187160380797e-17,0.0,0.0,0.0,0.0
0.00043673045298643447,2.2317685074402507e-05,6.359537612992262e-08,1.7284889549589926e-07,1.5108533698275549e-09
5.368570173782262,1.0022483131138795,0.0009868979228133355,0.0009245794540451604,0.0008558644916230498
0.0,0.0,0.0,0.0,0.0
0.0,0.0,0.0,0.0,0.0
0.39745113612855115,0.054203508669512956,8.500493449412661e-05,1.443921259145319e-05,5.92882320185352e-06
0.5301290146471591,0.10567990170950392,0.00010123760415081394,4.068320897221813e-05,4.381265521591851e-06
3.2291518406885344e-05,4.741110185770311e-05,5.031343542799019e-09,8.221585306470006e-09,4.616865612318284e-09
1.1361107511355457,0.09790448410955555,0.0002012110308431492,0.00020057232059136353,0.00018825050109347528
0.28255982736699425,0.0077908296047189945,4.4580389222270086e-05,5.017120865595324e-05,2.1602120721321234e-06
0.0,0.0,0.0,0.0,0.0
0.0006843143063570127,0.0005939104826679072,8.1036167167993e-08,6.37006564258499e-08,7.660285252574278e-08
0.0,0.0,0.0,0.0,0.0
0.0,0.0,0.0,0.0,0.0
4.485749728304638e-16,4.485750588126076e-16,0.0,0.0,0.0
0.0,3.588600470500861e-15,0.0,0.0,0.0
0.0,0.0,0.0,0.0,0.0
168.06507772294594,43.43281953141364,0.02126703815508676,0.019640892376544778,0.02039265046474613
8.481839957224528,0.2526066623815205,0.0034015074043600066,0.00362080202265047,0.00044965896253299875
0.0,0.0,0.0,0.0,0.0
5.607187160380797e-17,0.0,0.0,0.0,0.0
0.0017030455113310051,0.0007685653369398989,4.980150474031104e-07,5.140189812060893e-07,5.6747734819436664e-09
0.0,0.0,0.0,0.0,0.0
0.0,0.0,0.0,0.0,0.0
0.5703633619384406,0.12725874737416554,0.00010689564605991794,5.212235715179871e-05,4.562103797028174e-06
24.32966010668786,16.398083125760156,0.0025051800548136906,0.0025259317925365988,0.0016353386398556217
1.0564061702770322,0.5005036002197796,3.3564209997424695e-06,5.357803556893916e-05,4.581201696553525e-05
1.1214374320761595e-16,0.0,0.0,0.0,0.0
0.0,0.0,0.0,0.0,0.0
0.5086119722320983,0.01763024679279394,4.0133040263824925e-05,0.0003085906570012853,1.4572193332520813e-08
0.0,0.0,0.0,0.0,0.0
5.607187160380797e-17,0.0,0.0,0.0,0.0
0.5022791083643646,0.08201234287867454,0.0001019138051305935,4.909328061575681e-05,2.640537053823675e-06
0.0,5.607188235157595e-17,0.0,0.0,0.0
0.0,0.0,0.0,0.0,0.0
0.0,5.607188235157595e-17,0.0,0.0,0.0
0.0,0.0,0.0,0.0,0.0
4.485749728304638e-16,2.242875294063038e-16,0.0,0.0,0.0
1.2698000916052949e-05,1.0828371327316276e-05,1.702335853521284e-09,1.213696542486356e-09,1.7051078985380413e-09
5.337774081532472e-06,2.578974320327793e-06,6.287149204380415e-10,2.9348385698229585e-10,3.4424274486243016e-10
0.0,0.0,0.0,0.0,0.0
0.0,0.0,0.0,0.0,0.0
0.003215916988440702,0.0008159407663881912,6.973184936991193e-07,7.484206067126604e-07,2.1549056729973978e-08
0.0,0.0,0.0,0.0,0.0
2.1795631985273065,0.0899517120784244,0.00046862670827289865,0.0004943962035417426,0.00041883931146743697
21.688984009509042,15.940610976571275,0.0018282460788365616,0.0019004032082094756,0.0014857161744914582
5.607187160380797e-17,0.0,0.0,0.0,0.0
0.0,0.0,0.0,0.0,0.0
42.13429043328873,45.983216250283284,0.00023584186385548593,0.0010927257913252292,0.0008345813441341096
5.607187160380797e-17,0.0,0.0,0.0,0.0
15.18749470895187,16.81929616719328,0.0005678970930299459,0.0020060519106949075,0.0011123787152583513
0.0,5.607188235157595e-17,0.0,0.0,0.0
7.008983950475997e-18,0.0,0.0,0.0,0.0
1.5967616323432632e-05,3.8064873219236453e-06,1.3479556990424686e-09,3.917735264064444e-09,9.898024555197718e-11
0.0,0.0,0.0,0.0,0.0
1.1214374320761595e-16,0.0,0.0,0.0,0.0
8.908161134289905,3.8967640502398195,0.003040843158571242,0.0011395236132588464,0.00023746870559622135
5.607187160380797e-17,0.0,0.0,0.0,0.0
0.0006574453003013211,6.1296556793861325e-06,1.0966601763156081e-07,4.376740315563978e-08,1.173677775849724e-09
0.00013549084163854823,0.00012458745920717614,1.5065598921380422e-08,1.738877845287679e-08,1.92238052701424e-08
1.059414744297251,0.4263503482852402,9.676284017745841e-05,0.00015062691873443822,1.8720466528066027e-06
3.92819862407834e-05,1.3929796522463155e-05,7.760706293124918e-10,1.047835587142164e-10,2.804803679095103e-09
0.0,0.0,0.0,0.0,0.0
5.607187160380797e-17,0.0,0.0,0.0,0.0
0.0,0.0,0.0,0.0,0.0
1.794299891321855e-15,0.0,0.0,0.0,0.0
1.677199012651395,2.028940229446651,0.00023625731063362426,0.000612316915229445,0.00023123721270588193
0.0,1.121437647031519e-16,0.0,0.0,0.0
5.607187160380797e-17,0.0,0.0,0.0,0.0
0.0,0.0,0.0,0.0,0.0
0.0,5.607188235157595e-17,0.0,0.0,0.0
8.582292570241156e-06,9.946724089380712e-06,1.6941434028949652e-09,1.7812048117867109e-09,1.5181464661609927e-09
0.2138472091463366,0.1044172467522723,2.8037256332732e-05,2.9405303592252334e-05,2.2842137040432627e-05
0.0,0.0,0.0,0.0,0.0
0.3084499353031379,0.07138224922643906,4.853225975202621e-05,0.00011849668379796302,7.163646230807428e-06
0.0,0.0,0.0,0.0,0.0
0.15593545627926972,0.01855423818055492,2.5374662313091144e-06,3.110915812696782e-05,4.4868984723758676e-07
0.07281786818076463,0.0922975645794434,3.471289602758753e-05,2.5265678803106856e-05,3.0607149532747073e-06
5.607187160380797e-17,0.0,0.0,0.0,0.0
3.58859978264371e-15,0.0,0.0,0.0,0.0
0.2927393975525837,0.3195344107469873,3.194607551173802e-05,3.0905457378192106e-05,2.7710144927620043e-05
4.858038442366134e-05,6.307964306224654e-05,3.76441113903227e-10,6.815924253810888e-09,2.927797412662562e-10
0.2198249925809757,0.07040928653063655,7.265670262268374e-05,9.220902963343362e-05,6.755965813168523e-06
0.0,0.0,0.0,0.0,0.0
0.0,0.0,0.0,0.0,0.0
4.485749728304638e-16,0.0,0.0,0.0,0.0
2.4010205347403435,0.152337532043287,0.0003818903393038221,8.745435037488063e-05,1.845225152915168e-05
0.0,0.0,0.0,0.0,0.0
0.34120101630659555,0.030119718415403982,8.004505778144083e-05,3.499041293955074e-05,5.987231794255075e-06
0.0,0.0,0.0,0.0,0.0
5.607187160380797e-17,0.0,0.0,0.0,0.0
0.0,0.0,0.0,0.0,0.0
8.971499456609276e-16,0.0,0.0,0.0,0.0
0.0005148559359150083,0.00036343489227083663,1.0354176081352704e-07,1.5954856366280277e-08,1.762966115248175e-08
5.607187160380797e-17,0.0,0.0,0.0,0.0
0.0,0.0,0.0,0.0,0.0
0.0,5.607188235157595e-17,0.0,0.0,0.0
1.1214374320761595e-16,0.0,0.0,0.0,0.0
0.0,0.0,0.0,0.0,0.0
0.0,5.607188235157595e-17,0.0,0.0,0.0
0.0348122179745329,0.00018432561176447796,1.180101968538426e-06,1.945281655449508e-06,1.6875761604577788e-06
0.0,0.0,0.0,0.0,0.0
0.508149303734766,0.19442505808243657,7.604714270788217e-07,2.7673008892847905e-05,2.391767779628899e-05
0.0,0.0,0.0,0.0,0.0
0.0,0.0,0.0,0.0,0.0
0.001108529076239758,0.0005117076006043578,6.108206721661766e-08,2.1516026704581356e-09,4.7636919918485585e-08
5.607187160380797e-17,0.0,0.0,0.0,0.0
1.6067547711399002,0.30916649011469294,0.00029835429494320676,0.0003023789437037437,0.000261741403653445
0.0,5.607188235157595e-17,0.0,0.0,0.0
0.1874226497510292,0.13393574127835592,1.1827167347849413e-05,2.2341638925243515e-05,2.0016962944613915e-05
0.0,0.0,0.0,0.0,0.0
0.0,0.0,0.0,0.0,0.0
1.191110438616499,0.009004671133813456,8.784709848427426e-05,8.64663622181826e-05,4.831556920158737e-06
1.8865692680113668,0.04742896799781308,0.0002608368825885758,6.987724054680765e-05,1.1898392259370292e-05
5.607187160380797e-17,5.607188235157595e-17,0.0,0.0,0.0
1.1214374320761595e-16,0.0,0.0,0.0,0.0
0.0004819143124090213,0.00010411072217515,3.650688352847018e-08,2.2735084095627864e-08,3.936405499271543e-08
4.346365910613803e-05,4.5607334041109595e-06,1.0129280293374757e-08,8.497759342650563e-09,4.360193010664138e-10
0.0,0.0,0.0,0.0,0.0
0.0,0.0,0.0,0.0,0.0
0.3533672808463668,0.059224559200243686,1.3852820560926983e-05,0.00012154776981628629,5.539059870829645e-06
1.1214374320761595e-16,0.0,0.0,0.0,0.0
1.794299891321855e-15,1.7943002352504305e-15,0.0,0.0,0.0
0.0009671557328461088,5.478316361730937e-05,6.716558901237262e-08,7.211537995911627e-08,4.062378599229675e-08
0.27535299992143364,0.004717103263146429,1.6805840852187123e-05,0.0002978313481990474,1.3053700517123538e-06
2.3002932571419113e-05,1.7880004554174978e-05,9.673647299170818e-10,3.174619249779855e-11,1.0264621760051793e-10
0.0053844548928060135,0.0008785069922501952,9.497506611429098e-07,1.0304627761199034e-06,3.826112427889908e-08
5.607187160380797e-17,0.0,0.0,0.0,0.0
0.002142764687581857,6.867942788090205e-05,6.097635668170803e-07,3.470445324125818e-07,4.642610396623793e-09
0.0,0.0,0.0,0.0,0.0
0.0,0.0,0.0,0.0,0.0
8.650007880902796e-05,2.305103087735137e-05,1.0180583621236544e-08,1.190669373481705e-08,3.269746854066078e-09
0.0,0.0,0.0,0.0,0.0
74.17016220164506,23.23361487872923,0.009268001551045995,0.008601284338005003,0.009438201215418695
2.803593580190399e-17,0.0,0.0,0.0,0.0
0.3797268973137595,0.01127156263805851,7.092038313957479e-05,8.984366670991715e-06,1.3451945542511571e-06
4.261773499329537,0.1252807619470597,0.0001791015243746978,0.00126552704274151,3.9304649763794054e-05
0.28255843338003034,0.055240067312034194,9.298463125569515e-05,3.807104649948901e-05,5.69083131216273e-07
0.357953635164574,0.04646530330977627,1.756832540494104e-05,0.00011592688058722137,3.939904441646909e-06
0.047423929218721045,0.0004898467692772605,4.740547985338296e-06,5.101246759137787e-06,4.466202023510717e-06
3.58859978264371e-15,0.0,0.0,0.0,0.0
0.0015166048803927914,0.011234078906205609,4.711698155128417e-06,4.1346876428601554e-06,2.531229608048855e-07
0.0,0.0,0.0,0.0,0.0
0.0004645816166239719,4.733833374694717e-05,5.96811208828028e-09,1.8841181506090765e-08,2.141385394410024e-08
7.829706714229198e-05,7.744626888896236e-05,7.052826628691649e-09,1.0287727324414768e-08,6.950844250816922e-09
0.0,0.0,0.0,0.0,0.0
0.007108161112461308,0.002244355362678024,4.782114773942381e-07,1.5765251617806793e-06,1.0739964581326013e-07
30.311765216683654,1.6161024717340051,0.0048960049135744945,0.005588227678755608,0.0017367774690740705
0.033442841352825006,0.05633215884630703,3.3788860426069566e-06,9.39232324052929e-06,3.0682883924949617e-06
0.004127683741761995,0.00017681623321166682,4.2986592542154396e-07,4.066513359524852e-07,3.8511453669169936e-07
0.0,0.0,0.0,0.0,0.0
0.0006740781098706385,4.898525104983776e-05,9.555132969832249e-08,2.1559501479673395e-07,1.9227057913411583e-09
0.7195616267815036,0.17403099820548887,0.00014192823319528048,0.00013669530278291256,5.220161165597982e-07
0.0,0.0,0.0,0.0,0.0
0.0,1.7943002352504305e-15,0.0,0.0,0.0
0.0,1.121437647031519e-16,0.0,0.0,0.0
5.607187160380797e-17,0.0,0.0,0.0,0.0
0.0,0.0,0.0,0.0,0.0
1.892458712473905e-05,6.097415822941242e-05,8.300709317442472e-08,1.1438730917465154e-07,5.232746588463765e-08
0.5720962945081057,0.28028413583782946,0.0001851464832346132,0.0001654517055280323,4.626010160060658e-05
8.971499456609276e-16,0.0,0.0,0.0,0.0
0.0,0.0,0.0,0.0,0.0
0.0002937961784553131,0.0003025082433135125,2.4610208517638672e-08,3.490632938698568e-08,2.394163479194371e-08
0.0,5.607188235157595e-17,0.0,0.0,0.0
0.005007359030248509,0.0001558090905780775,1.333173362874375e-06,1.1247536979820566e-06,4.890554177150285e-08
0.0,0.0,0.0,0.0,0.0
0.0,0.0,0.0,0.0,0.0
0.0,0.0,0.0,0.0,0.0
1.265038560325006,1.0437393493970362,9.266919972993611e-05,0.00018048677045667594,0.00016244074154841216
2.006342147625663e-06,6.071747242049274e-05,2.2708060334397985e-10,3.5270270233177967e-10,1.8719534733034052e-09
0.009770050896671278,0.0009949461346050856,1.836976626513224e-07,4.021896049280898e-06,6.397319748201648e-10
0.00014652547041876728,1.8502288032816528e-05,2.6694746951185912e-08,4.181989463826147e-09,3.1969052977171427e-10
0.27914288056351044,0.01407939198391666,3.554245625120607e-05,3.252844339826239e-05,9.940907973206969e-06
0.25999675946255696,0.0674339747051401,3.657703680914892e-05,9.574250939354856e-05,4.804057991936563e-06
1.794299891321855e-15,0.0,0.0,0.0,0.0
9.706026920720404e-05,8.698683591286701e-05,1.4588050932511053e-08,1.1232944115907222e-08,1.3239665051615295e-08
0.0,0.0,0.0,0.0,0.0
4.485749728304638e-16,2.242875294063038e-16,0.0,0.0,0.0
4.485749728304638e-16,5.607188235157595e-17,0.0,0.0,0.0
0.0028117754048871796,0.001066141664543174,2.2132405907580245e-06,3.214959197443543e-07,2.190768021710622e-07
0.0,1.121437647031519e-16,0.0,0.0,0.0
0.9284847358331773,0.21067913793477946,0.0002595385241545843,0.0002735387839170848,7.17919347935597e-05
5.607187160380797e-17,0.0,0.0,0.0,0.0
0.0,4.485750588126076e-16,0.0,0.0,0.0
0.0,0.0,0.0,0.0,0.0
0.0,0.0,0.0,0.0,0.0
0.0,0.0,0.0,0.0,0.0
0.0,0.0,0.0,0.0,0.0
0.0,0.0,0.0,0.0,0.0
0.0,0.0,0.0,0.0,0.0
0.0,0.0,0.0,0.0,0.0
0.06918957667925804,0.02349702489230639,6.259034540818363e-06,1.884279575049837e-05,2.7952169966567052e-06
5.151544722488146e-05,3.359980722491904e-05,4.049853651763008e-09,5.68777448590216e-09,5.238396410112814e-09
0.0,0.0,0.0,0.0,0.0
8.21170955967837,2.958256935583233,0.0026372610940297737,0.003044617168106599,8.13101880648741e-05
0.0003351601127459702,0.0003258868489395667,1.4703559187621443e-08,2.789083574480082e-08,1.422090728815808e-08
5.607187160380797e-17,0.0,0.0,0.0,0.0
0.0004369224292345858,3.211256443222015e-06,3.290055565116174e-08,3.233582156921805e-08,1.691771546972801e-09
3.9506161565708475,4.256598663730041,0.00024030707564607362,0.00026372069798218426,0.00016958032767345926
1.794299891321855e-15,0.0,0.0,0.0,0.0
0.0,0.0,0.0,0.0,0.0
4.485749728304638e-16,0.0,0.0,0.0,0.0
0.0,0.0,0.0,0.0,0.0
5.607187160380797e-17,0.0,0.0,0.0,0.0
0.0,0.0,0.0,0.0,0.0
0.0,0.0,0.0,0.0,0.0
5.607187160380797e-17,0.0,0.0,0.0,0.0
0.0,0.0,0.0,0.0,0.0
186.0067176953491,49.671756371541335,0.015519919973384684,0.018776712653878484,0.013208791469971753
0.3234700964834816,0.038469745866374694,7.736099613669526e-05,3.136196778312973e-05,4.896710365258985e-06
1.1235327446547436,0.011960243320158034,0.0003282366370694716,0.00030561509812791564,1.000356809728242e-05
0.0,0.0,0.0,0.0,0.0
0.0,0.0,0.0,0.0,0.0
4287.698700462432,3853.7178940681997,0.28331978085015425,0.3164959744988675,0.20985300704109236
0.0012531236297041593,6.206691834290335e-05,8.439639846165394e-08,2.3068874763988394e-07,5.158653662810728e-09
5.607187160380797e-17,0.0,0.0,0.0,0.0
0.0,0.0,0.0,0.0,0.0
0.0,0.0,0.0,0.0,0.0
0.0,0.0,0.0,0.0,0.0
0.0009199771050815677,0.00016503476661333221,1.7471958127526846e-07,1.693897136637997e-07,4.1784240389305654e-09
1.0384272751399624,0.30107878721588816,0.0001294840842991452,6.256838171070534e-05,4.420178508731034e-05
0.0,5.607188235157595e-17,0.0,0.0,0.0
0.0007095220874443389,0.0009759092215516341,1.2598495138249677e-07,7.214710121477756e-07,1.8281794633143153e-07
0.0,5.607188235157595e-17,0.0,0.0,0.0
1.1214374320761595e-16,0.0,0.0,0.0,0.0
5.607187160380797e-17,0.0,0.0,0.0,0.0
0.46936081775063804,0.08008945534410153,9.24043344070067e-05,1.56267444144497e-05,5.000363760691425e-06
0.3342619580550197,0.6123878638835345,7.635768923533696e-05,8.153967435211585e-05,7.196632443120923e-05
1.1214374320761595e-16,0.0,0.0,0.0,0.0
0.24559573514501648,0.04058015539596558,7.030592956266218e-05,6.842071396958565e-05,5.498864484406657e-06
37.37623785405804,35.018604290932245,0.026975602224289436,0.008066722984977586,0.014548886509045709
0.0039019971000258326,7.466477154009107e-05,8.029284007609854e-07,1.506067171098194e-07,8.527963193238116e-09
0.024751184701928237,0.017248657295527842,2.243636269031641e-06,3.3379185368863803e-06,2.9530702884747725e-06
2.6172753661388364,1.0377531878224346,0.0003880162334149844,0.0004759312411650071,0.0004137587997799823
0.00046997471428665517,5.072997554612771e-06,7.675417584812465e-08,8.284210043803343e-09,1.5838044711570583e-09
0.0,8.971501176252153e-16,0.0,0.0,0.0
0.0,0.0,0.0,0.0,0.0
32.48224383471376,23.39088420468986,0.0014992624323112475,0.00134752249112992,0.0020509405024342732
0.24136745688591413,0.0736760429692634,4.991683924665619e-05,9.397812717633996e-05,5.445004953987596e-06
1.1214374320761595e-16,0.0,0.0,0.0,0.0
0.002981161420049924,0.001282145085737584,6.982370687799987e-07,5.787681996151324e-07,6.80650848425098e-08
5.607187160380797e-17,0.0,0.0,0.0,0.0
4.485749728304638e-16,2.242875294063038e-16,0.0,0.0,0.0
3.58859978264371e-15,1.7943002352504305e-15,0.0,0.0,0.0
0.002547523435612616,0.003492259431073521,4.511425214616624e-06,5.372403566653433e-06,7.232422996396656e-08
0.0,0.0,0.0,0.0,0.0
0.0,4.485750588126076e-16,0.0,0.0,0.0
0.7154884941115591,0.06216438298200174,0.0002136653243188841,0.00022297088647886898,6.51656830684292e-06
150.21980316052606,15.550976446372344,0.025405031827951955,0.0007066068840884009,0.004255210490059876
7.236884843767019e-06,3.1837740480536236e-05,5.656035863005365e-10,3.546770827898998e-10,7.052988589588605e-10
0.0,0.0,0.0,0.0,0.0
0.0009718565824031295,2.8794334544327142e-05,2.546829497402345e-07,2.1541782729030242e-07,9.206590206002459e-09
0.0,1.121437647031519e-16,0.0,0.0,0.0
4.485749728304638e-16,2.242875294063038e-16,0.0,0.0,0.0
0.0,0.0,0.0,0.0,0.0
1.794299891321855e-15,0.0,0.0,0.0,0.0
1.1214374320761595e-16,0.0,0.0,0.0,0.0
0.005799970839505972,0.001881425200779892,2.6622141709210963e-06,2.4849872320099613e-06,2.2246916813485738e-08
0.0,0.0,0.0,0.0,0.0
1.794299891321855e-15,0.0,0.0,0.0,0.0
0.0,0.0,0.0,0.0,0.0
0.25880915367095747,0.03868885476830685,6.683895836290366e-05,7.481902348139505e-05,5.3636821824445305e-06
5.607187160380797e-17,0.0,0.0,0.0,0.0
0.0005901419729465928,3.313132157673058e-05,1.9955105951348788e-07,1.1317177093395862e-07,1.818673336998271e-09
1.2664499854241456,0.5806825251309529,0.0003888321409872607,0.00036922356967471643,0.0003136538489049151
0.0,0.0,0.0,0.0,0.0
0.3858104341177858,0.04553283345153666,8.296482072119284e-05,1.6224122381870882e-05,5.516934790172064e-06
0.0,5.607188235157595e-17,0.0,0.0,0.0
0.0,5.607188235157595e-17,0.0,0.0,0.0
0.0,0.0,0.0,0.0,0.0
0.0,4.485750588126076e-16,0.0,0.0,0.0
0.0005744130161294039,2.312709006651608e-05,6.625828035424061e-08,7.386260854538486e-08,3.362592866351543e-09
0.0009599684175177466,0.00019553707718452024,1.6150747099953461e-07,1.6454993986933997e-07,2.1983285320523613e-09
0.0,0.0,0.0,0.0,0.0
0.0,0.0,0.0,0.0,0.0
1.1214374320761595e-16,0.0,0.0,0.0,0.0
0.0,0.0,0.0,0.0,0.0
0.0,0.0,0.0,0.0,0.0
0.00014498594900845107,0.0002864888200316919,2.3471761954309173e-06,3.731905410627382e-06,7.56929130742052e-08
2.187870560657599,2.139136129303158,0.0002316323201356528,0.00026629466098346364,0.000225196146681528
0.007425065538638582,0.004987194070314413,1.0842690493971066e-06,7.926076381267395e-08,4.486930406094519e-07
4.485749728304638e-16,2.242875294063038e-16,0.0,0.0,0.0
0.0,0.0,0.0,0.0,0.0
0.0,0.0,0.0,0.0,0.0
0.0008670800110185407,0.00016137890622770122,1.7190318725163217e-07,1.5286729961157855e-07,5.149082545043044e-09
0.008329046056677772,0.005463481626452385,6.396373979400572e-07,8.720458672359196e-07,8.241398548572267e-07
5.607187160380797e-17,0.0,0.0,0.0,0.0
0.005778980661756298,0.003605125385536637,6.047439554417243e-07,3.082550535541646e-07,4.4589024416002683e-07
0.0,0.0,0.0,0.0,0.0
0.0,1.121437647031519e-16,0.0,0.0,0.0
0.0,0.0,0.0,0.0,0.0
0.0,0.0,0.0,0.0,0.0
2.1669720031063586,0.6714675112192956,6.430062622651157e-05,0.0009344576646214337,5.2245249091514205e-05
0.0,5.607188235157595e-17,0.0,0.0,0.0
4.485749728304638e-16,2.242875294063038e-16,0.0,0.0,0.0
0.26644443970301046,0.028674378756997593,7.718345319736344e-05,6.384277727131838e-05,6.241007824957395e-06
5.607187160380797e-17,0.0,0.0,0.0,0.0
5.046468444342718e-16,5.607188235157595e-17,0.0,0.0,0.0
0.7677099144527316,0.3944353231972066,0.00026079005621510587,0.0002240803584841023,6.925707334093702e-05
5.607187160380797e-17,0.0,0.0,0.0,0.0
0.0003058149347844435,6.040309108067622e-05,1.2489487456529864e-08,1.0436062939562595e-08,1.928872973795437e-08
0.0,0.0,0.0,0.0,0.0
0.0007445508616298156,0.0006035289495887128,7.021262449392333e-08,6.576739172912618e-08,7.967902440131681e-08
2.0033104059583726,0.43524580917470185,0.0008317914097501877,0.0005116314274857814,4.983983989500211e-05
0.148969854062052,0.061273900343198316,6.983945731971902e-05,0.00011164957939799088,5.838236229899291e-05
0.26784074833596483,0.062138167067295455,3.145553807626266e-05,9.568156475043866e-05,4.4774999025204905e-06
0.10457689823755321,0.06841140435326788,9.864985854613877e-06,1.3495925713583283e-05,1.190410557040506e-05
0.0,0.0,0.0,0.0,0.0
0.0,5.607188235157595e-17,0.0,0.0,0.0
0.0,0.0,0.0,0.0,0.0
0.002392802242351504,0.0030109773789600866,1.984805469585045e-06,2.070897552648923e-06,1.0058042806889918e-07
9.553922384037525,0.456289204183388,0.00392702511578848,0.0036735396439509095,0.00014259337270740085
0.0011313135907396557,4.76642717455169e-05,3.154787005122621e-07,2.5393362736723984e-07,6.67629996401481e-09
0.00014934837693081067,7.552972970282444e-05,2.4573109046181728e-08,1.917708283629202e-09,2.4714740137179848e-09
166.0445202718969,33.60983403348309,0.017149807516072906,0.037302792387083714,0.001825564832471823
0.0,0.0,0.0,0.0,0.0
0.0,5.607188235157595e-17,0.0,0.0,0.0
5.607187160380797e-17,0.0,0.0,0.0,0.0
0.0021422746206643498,0.0003490886484094014,4.5497954311282574e-07,3.961574409756061e-07,1.5774549612944436e-08
0.08225843148589208,0.09300392172652032,1.5821859654211473e-05,1.2488253417041737e-05,1.2126412587117534e-05
0.23633789299746627,0.0834526533929511,6.958375400875836e-05,0.00010473305789431532,7.236871164452771e-06
0.0,5.607188235157595e-17,0.0,0.0,0.0
0.0,0.0,0.0,0.0,0.0
3.991264301930203e-05,3.229411074932557e-06,4.047298697190141e-09,4.334891119428697e-09,3.6561131431122547e-09
1.1214374320761595e-16,0.0,0.0,0.0,0.0
0.0010710498512621076,8.050754606869142e-05,1.9523949790435375e-07,3.509188371622967e-07,4.612346274873529e-09
0.0010476550446601258,0.0008895825558555817,2.731225780525023e-07,2.0538939322053848e-07,1.8454787266649937e-07
83.31087529301398,13.825883582462144,0.015459822117693147,0.004096568767045628,0.003209969650357327
36.00332699492753,35.51785872617219,0.0028049322790547017,0.0029673920761153017,0.001636048412960055
0.0,0.0,0.0,0.0,0.0
0.04926637875291559,0.03643655517773587,3.84883214312469e-06,4.854091246010166e-06,5.067036905739911e-06
8.971499456609276e-16,8.971501176252153e-16,0.0,0.0,0.0
1.1214374320761595e-16,0.0,0.0,0.0,0.0
0.09997640574322239,0.06861285279980246,4.644519690367559e-06,1.9915237020964997e-05,9.180829635079821e-06
0.0,0.0,0.0,0.0,0.0
3.58859978264371e-15,3.588600470500861e-15,0.0,0.0,0.0
0.0,0.0,0.0,0.0,0.0
5.607187160380797e-17,0.0,0.0,0.0,0.0
0.02249448902488395,0.001876515873125785,4.4236627268470675e-07,4.8706531750935005e-06,3.9096998755178274e-08
0.00045222912023049094,0.00010016933952661584,7.940339494794058e-08,7.42252905526479e-08,1.411098596987934e-09
1.1214374320761595e-16,0.0,0.0,0.0,0.0
0.004836080121064642,0.004004641476649382,6.649294015627144e-07,5.449582135323949e-07,6.568537104608344e-07
0.0019462570228811669,3.5368585372256795e-05,4.901667919617083e-07,2.6273512723341056e-07,2.253347677071187e-09
7.528375925568108e-05,0.0001084926724853589,4.415908944596521e-08,3.392972931537564e-08,2.9321165127373602e-09
0.0,0.0,0.0,0.0,0.0
0.0,0.0,0.0,0.0,0.0
0.44631896260516224,0.40756764871775947,3.1968765702386786e-05,0.00025040658573316385,3.45325916485356e-05
0.00016543699117139445,0.00023229684511874655,6.192709605414134e-08,5.4658521657390095e-08,4.9904975473130354e-08
0.5788170344968157,0.14999033841934808,0.00019245103439174038,0.0001785917157512493,4.469652654335901e-05
0.0,0.0,0.0,0.0,0.0
0.0,0.0,0.0,0.0,0.0
5.607187160380797e-17,0.0,0.0,0.0,0.0
0.0,0.0,0.0,0.0,0.0
0.0,0.0,0.0,0.0,0.0
0.27059024208219645,0.019962077337189944,8.422384330723864e-05,6.14907165930302e-05,8.05220683166418e-06
0.0,0.0,0.0,0.0,0.0
41.4088172719007,9.788773978022565,0.006032309970998966,0.007752820644893448,0.006941317523806324
0.0,0.0,0.0,0.0,0.0
0.13383413024707214,0.09687893837641218,1.033433208367592e-05,2.4737966103187925e-05,1.4387495121865466e-05
3.1745279809726723,0.05425297523395264,0.0006874509036982378,0.0007467744560362082,0.0005878362275552146
5.607187160380797e-17,0.0,0.0,0.0,0.0
0.8593888609415851,0.27157687652728457,0.00014499597419722046,0.00012119247175513664,0.00013151914858691618
220.57495480582773,36.059083928134825,0.04409237473054928,0.05893198559993005,0.0002425509198327638
2.850929776659993,0.021082312631567544,0.0006231428651794565,0.0006674003433495021,0.0005418187432382807
1.7207402242733947,0.6525094326712408,5.2827651745073166e-06,0.0006467488078715407,1.871337457231305e-05
11.23075656452272,6.6268123830208765,0.0022550270728018303,0.003963617727483876,0.0008070146516718868
0.00012081196560232135,5.7005432167260556e-05,5.421820696481052e-09,2.852066553892637e-09,8.499756574734356e-09
0.0001758200213092993,8.586410877458915e-05,9.81618247189188e-08,9.504270978273534e-08,8.156173670563225e-11
0.0,0.0,0.0,0.0,0.0
0.0011373511358047943,0.00020899231777271523,2.2642280715906543e-07,2.020260903827418e-07,6.773377668906876e-09
0.0,8.761231617433743e-19,0.0,0.0,0.0
0.0,0.0,0.0,0.0,0.0
0.00013796608092853042,2.735769559490543e-06,1.6533422822888967e-08,1.4409688852519957e-08,3.891761535034227e-09
0.0,0.0,0.0,0.0,0.0
27.5637879948707,34.773812004899526,0.0006504673976280343,0.002092818882486103,0.0018722004808786785
0.0,0.0,0.0,0.0,0.0
0.0,5.607188235157595e-17,0.0,0.0,0.0
4.485749728304638e-16,4.485750588126076e-16,0.0,0.0,0.0
5.369764539807302e-05,0.0001866566242373644,3.255246512100401e-08,2.375521722825767e-08,2.252341691380011e-08
0.31621957397666306,0.5116568444883676,2.0958203505536555e-05,2.1128321988678395e-06,1.7033877621964682e-05
5.607187160380797e-17,0.0,0.0,0.0,0.0
5.607187160380797e-17,0.0,0.0,0.0,0.0
0.0,0.0,0.0,0.0,0.0
0.0002226051711579673,0.00024350123128124012,2.0604194709970092e-08,3.029548689190407e-08,1.9911240013554296e-08
5.607187160380797e-17,0.0,0.0,0.0,0.0
0.0,0.0,0.0,0.0,0.0
0.002846617520422877,0.0024138054903048932,3.8028292564075256e-07,2.5224113927897956e-07,3.4010053508010705e-07
0.0010081034600668067,0.0006762822843915534,6.694177996201807e-07,6.666878431560553e-07,4.187723079530084e-09
0.0,8.971501176252153e-16,0.0,0.0,0.0
0.0,2.242875294063038e-16,0.0,0.0,0.0
0.0,0.0,0.0,0.0,0.0
0.00019631440766495957,1.4766680279634637e-05,1.0951165147239796e-08,1.3011006115050636e-08,9.993408526159456e-09
0.33992232427812247,0.0414891089245562,8.181591614250958e-05,3.4483051370583116e-05,6.426311557561348e-06
8.971499456609276e-16,1.7943002352504305e-15,0.0,0.0,0.0
0.0,0.0,0.0,0.0,0.0
0.0,0.0,0.0,0.0,0.0
0.015577957621238432,0.0019169355604670012,2.660887571208826e-07,7.168293051758905e-06,1.0368090207708547e-08
0.0,0.0,0.0,0.0,0.0
13.624485213303375,0.43537015301275767,0.004876753190479124,0.0015820721569834984,0.0027779312446557696
0.00041153677841691437,0.00040701735882967325,5.117109610145961e-07,3.869681653035532e-07,6.683865123234147e-08
0.0,5.607188235157595e-17,0.0,0.0,0.0
0.0,5.607188235157595e-17,0.0,0.0,0.0
0.0,0.0,0.0,0.0,0.0
0.0,0.0,0.0,0.0,0.0
0.0029222606770740317,0.00019965934336452993,1.5365258187402238e-07,7.858300896076794e-07,8.50238294063745e-10
5.607187160380797e-17,0.0,0.0,0.0,0.0
0.0,0.0,0.0,0.0,0.0
0.0,0.0,0.0,0.0,0.0
0.0,5.607188235157595e-17,0.0,0.0,0.0
7.538779759526131e-05,5.427087868073649e-05,1.2067842970592855e-08,9.88676670181007e-09,9.839079643710985e-09
0.0,0.0,0.0,0.0,0.0
1.794299891321855e-15,0.0,0.0,0.0,0.0
0.0,0.0,0.0,0.0,0.0
0.0,0.0,0.0,0.0,0.0
25.330231031758068,13.431601602773366,0.004462187920570478,0.005888899292389181,0.004210494030214972
0.00862183808726243,0.007104959179861216,1.2377939992288405e-06,8.306852798476249e-07,1.1428535504709905e-06
0.0,0.0,0.0,0.0,0.0
0.0,0.0,0.0,0.0,0.0
5.775402775192221e-15,1.8503721176020066e-15,0.0,0.0,0.0
0.0012373712151102568,0.0018735013277762808,6.43169612996516e-07,4.6090870860418144e-07,7.317524835540172e-08
0.001749758414561252,8.939585269786328e-05,2.894851598366997e-07,1.882881520603533e-08,2.638274766447818e-07
0.19403005892932335,0.007473348441521201,2.294793781498381e-05,2.15731596388287e-05,2.060825739638072e-05
18.471177046100387,3.4093562794528935,0.0014416977124193952,0.0022405186315874537,0.0028606994887971624
0.30836775672375843,0.2234424869220775,1.8122321371157025e-05,4.011241335559879e-05,3.425213643583845e-05
13.931281080166396,0.3057514124724068,0.00499383606021385,0.001645544181687499,0.0028485263070610447
0.8467353798607233,0.1565151679272406,0.0002460872130987425,0.00031716523963509714,1.1662126394956423e-05
0.0,0.0,0.0,0.0,0.0
1.9387063595372147,0.6998839330695512,0.0009489576486668108,0.0006231977887654038,6.111390228894246e-05
5.607187160380797e-17,0.0,0.0,0.0,0.0
0.0,0.0,0.0,0.0,0.0
0.0,0.0,0.0,0.0,0.0
1.8631875366888965e-05,3.0915188015662024e-05,3.3135412805544795e-09,5.890547100904801e-09,2.9837087708412455e-09
5.607187160380797e-17,0.0,0.0,0.0,0.0
0.0,0.0,0.0,0.0,0.0
0.0,0.0,0.0,0.0,0.0
5.607187160380797e-17,0.0,0.0,0.0,0.0
757.2243302575273,987.5377484545537,0.17364481648210947,0.16704024508560744,0.15861342140079063
0.2744318720322617,0.033978739724518876,7.441445439214371e-05,5.240929350329291e-05,5.4829762495270396e-06
3.58859978264371e-15,0.0,0.0,0.0,0.0
0.0,0.0,0.0,0.0,0.0
4.485749728304638e-16,5.607188235157595e-17,0.0,0.0,0.0
8.507489884666148,1.875337440719184,0.0025306158550542257,0.0019654460096482714,0.0002830688610325654
2.445028177772471,0.2218858503377676,0.0004262468051963287,0.00048426366094428825,0.0003893598144253731
0.011244575045850613,0.00570248921438211,7.170857462334475e-06,8.326942329158463e-06,1.396631844055543e-07
0.0,0.0,0.0,0.0,0.0
1.0093488097780265e-05,5.050945543715335e-06,6.611337076907176e-09,1.268321068494346e-09,9.063263238734103e-10
5.607187160380797e-17,0.0,0.0,0.0,0.0
0.0,0.0,0.0,0.0,0.0
117.57320095741704,32.99187384371091,0.014677508902654943,0.013558251799911027,0.014356217288063727
0.0,0.0,0.0,0.0,0.0
4.485749728304638e-16,4.485750588126076e-16,0.0,0.0,0.0
0.0009453749565183733,0.00010308282071272581,1.1390693701049434e-07,1.2496881814129565e-08,1.1165793585544876e-07
1.1214374320761595e-16,2.242875294063038e-16,0.0,0.0,0.0
0.6543887111441541,0.5233011895169327,1.0168517915749888e-05,0.00014484750682259827,6.52791378458926e-05
5.099621226038263e-05,4.858456410291794e-05,6.276468068895681e-09,6.766397497022493e-09,6.019409274767667e-09
5.607187160380797e-17,0.0,0.0,0.0,0.0
0.0,5.607188235157595e-17,0.0,0.0,0.0
0.0,0.0,0.0,0.0,0.0
0.40062216362609665,0.031877300948012416,4.699853834920156e-05,0.00012699128344847416,1.5907703027893952e-06
1.4017967900951994e-17,0.0,0.0,0.0,0.0
1.5436223246660774,1.7518600520664647,0.00023862512351320676,4.225071918923715e-06,1.6538433550123553e-05
0.0006068195190727266,3.441602980611477e-05,1.2932861196262383e-07,8.359855023307537e-08,3.52090768645477e-08
0.0,5.607188235157595e-17,0.0,0.0,0.0
0.0,0.0,0.0,0.0,0.0
0.0009063960947824538,5.295065450991251e-05,2.2752929501406306e-07,1.9153642952645458e-07,8.936762494739187e-09
2.6578067140204977e-14,2.6746287881701733e-14,0.0,0.0,0.0
50.41967508002624,2.7988102775215133,0.0070643323118913404,0.006043879102959757,0.005913124694698258
1.1214374320761595e-16,0.0,0.0,0.0,0.0
1.9356518599269562e-05,8.483944742969954e-08,2.77272299592652e-09,5.16342979539898e-09,2.326327342932781e-09
0.0,5.607188235157595e-17,0.0,0.0,0.0
0.0,0.0,0.0,0.0,0.0
0.05692682555591843,0.03961617008672114,1.3124581405417984e-06,2.3838836435360594e-06,2.491449120454728e-06
0.0,0.0,0.0,0.0,0.0
1.2702958124642074,0.39557384951122015,0.000271379598513079,0.00031036224917547155,9.30568399495536e-05
0.0,0.0,0.0,0.0,0.0
0.0025471392876001454,0.0002018561219231232,2.427299518991395e-07,2.452178842249576e-07,2.2266945192217892e-07
1.634031287249542e-05,1.776971879908445e-05,1.905026202671503e-09,6.562742666446225e-10,8.111198814786169e-10
0.6052644935042871,0.12993814446561086,0.00011521379245900835,7.81499240448094e-05,2.9767555625897526e-06
6.286954883608453,17.234520963756314,0.0006631195174116982,0.0008317217559559154,0.0019720950001914533
0.0,5.607188235157595e-17,0.0,0.0,0.0
1.0845308101555107,0.10279482438500312,0.00037761881972056614,0.0003250297657940341,1.5759420888977943e-05
0.0,0.0,0.0,0.0,0.0
0.0006562539166073186,0.0001769767844941084,5.029291181168291e-08,1.5106515585518798e-07,6.334278825635746e-09
0.0,0.0,0.0,0.0,0.0
1.1214374320761595e-16,2.242875294063038e-16,0.0,0.0,0.0
1.1214374320761595e-16,0.0,0.0,0.0,0.0
0.00015291707417835785,2.26583904232408e-05,1.9981285673502178e-08,2.0620634312301685e-09,2.13985550663577e-09
4.380614969047498e-19,8.761231617433743e-19,0.0,0.0,0.0
0.0,5.607188235157595e-17,0.0,0.0,0.0
0.0007597691278849555,0.00097158561653122,8.329510849456089e-08,7.314277733790211e-08,2.936240845550097e-08
0.00032006140596715785,0.0001870213857718678,1.0089438883917879e-07,9.937954357599153e-08,1.1763138536937287e-09
0.001211222489092442,5.544305059542104e-05,3.695305756354169e-07,9.888453094655649e-08,8.476003595251542e-10
0.0,0.0,0.0,0.0,0.0
4.485749728304638e-16,0.0,0.0,0.0,0.0
0.0003024101885000417,0.00028618402076375967,2.9146820505998426e-08,4.383690351867005e-08,4.3006630261488544e-08
4.485749728304638e-16,2.242875294063038e-16,0.0,0.0,0.0
0.0048494560008255465,0.005671060934990605,5.088614258495374e-06,1.2617763532183123e-05,5.584888245822921e-06
0.0,0.0,0.0,0.0,0.0
15.317622480643992,4.609425363687712,0.0010304177739957098,0.0018600929021795423,0.0006116088397292933
0.00011635511998793286,5.3042383424577846e-05,1.8064282505347638e-08,1.4802047837576136e-08,1.5130021796008878e-08
4.485749728304638e-16,0.0,0.0,0.0,0.0
0.0,0.0,0.0,0.0,0.0
4.485749728304638e-16,0.0,0.0,0.0,0.0
5.607187160380797e-17,0.0,0.0,0.0,0.0
0.014164187453878478,0.024715372522891556,2.5169574044311456e-06,4.889562282628435e-06,4.436565681192465e-06
0.0012385346473503763,0.0005667486435377607,4.26578196623236e-07,7.672401655820716e-08,8.620351444614559e-08
1.1214374320761595e-16,0.0,0.0,0.0,0.0
0.0,0.0,0.0,0.0,0.0
3.58859978264371e-15,3.588600470500861e-15,0.0,0.0,0.0
0.0,8.971501176252153e-16,0.0,0.0,0.0
0.20664414638194575,0.05795207243230565,7.958373309012662e-05,8.485857842061938e-05,7.1090848712631224e-06
4.485749728304638e-16,1.121437647031519e-16,0.0,0.0,0.0
0.023104105233493776,0.023739610336097686,8.609735302009691e-07,4.762105013572241e-06,3.188730401709666e-06
7.217857144886347,1.9332726191777438,0.0015665995512519895,0.0025422287844226424,0.00032213599723104154
0.0,0.0,0.0,0.0,0.0
5.607187160380797e-17,0.0,0.0,0.0,0.0
0.49898462771644597,0.007618831223477932,8.67366753026883e-05,0.00014734614541583337,8.556649841560116e-07
0.0014796979898059413,0.00040853194988601144,1.770228307614344e-07,2.0602739832657107e-07,5.801187504019153e-08
0.28498872402597625,0.23060802785487136,3.7287577139061304e-05,1.9168915827808792e-05,3.1117610184772996e-05
0.0,0.0,0.0,0.0,0.0
5.607187160380797e-17,0.0,0.0,0.0,0.0
5.607187160380797e-17,0.0,0.0,0.0,0.0
0.0,0.0,0.0,0.0,0.0
5.607187160380797e-17,0.0,0.0,0.0,0.0
0.0,5.607188235157595e-17,0.0,0.0,0.0
0.4198216501136223,0.05573477358956405,8.602671534279707e-05,3.939635605839022e-06,5.352759214203853e-06
0.0004927389385941983,5.662718252446772e-05,7.45328454409608e-08,1.1836971268267509e-07,1.1942833723641064e-09
8.971499456609276e-16,0.0,0.0,0.0,0.0
0.0,0.0,0.0,0.0,0.0
0.4476688506248192,0.056244125060292346,9.296219008392448e-05,7.335014572189624e-05,7.092611623683246e-05
9.239302758831272,11.703831810178592,0.0021925572790339643,0.0011989957733915368,0.0013605288713455395
0.0012751657803291342,0.00011697960074382786,2.4123628852190156e-08,2.8720805932296836e-08,5.7941416051464295e-08
4.485749728304638e-16,5.607188235157595e-17,0.0,0.0,0.0
8.971499456609276e-16,0.0,0.0,0.0,0.0
0.00020687353281880256,0.00017073005083724485,2.9262543280744817e-08,1.570940391283142e-08,2.5900623680414658e-08
0.004739124856159935,0.003912204430679634,6.845298331877507e-07,4.0071436820201154e-07,5.949807601911433e-07
0.0,0.0,0.0,0.0,0.0
0.0,0.0,0.0,0.0,0.0
5.607187160380797e-17,0.0,0.0,0.0,0.0
0.5160218607220193,0.2848160095237256,6.280933414333145e-05,3.483365400008903e-05,6.752499592193062e-05
5.607187160380797e-17,0.0,0.0,0.0,0.0
8.472664190155521e-05,0.00011968072680644452,3.8274924232820154e-08,3.2554881394773576e-08,2.9022835725990075e-08
0.40983684251299185,0.04949936833677804,8.475615241442353e-05,8.27508172198632e-06,5.428395314423247e-06
0.0,0.0,0.0,0.0,0.0
0.0,5.607188235157595e-17,0.0,0.0,0.0
1.794299891321855e-15,0.0,0.0,0.0,0.0
5.607187160380797e-17,0.0,0.0,0.0,0.0
0.0,0.0,0.0,0.0,0.0
0.14808256443441037,0.40009507401596556,0.00020789707917927915,2.0165914713429195e-05,2.5025041372428224e-05
0.9410119941139449,0.11768487464084271,0.0006135071867074211,0.0005605803324965907,2.0951118783894152e-05
0.0,1.121437647031519e-16,0.0,0.0,0.0
12.108198611933005,16.189810693439707,0.005928377099974171,0.0005983885646346904,0.0026351620062410944
0.25820902271465423,0.029412756361494992,8.124567118465618e-05,6.120855710980377e-05,7.315252615133925e-06
9.216277882575999e-05,0.00013833000517132792,2.5097835216010982e-08,2.1009488572092974e-08,1.9838038115633035e-08
0.0,0.0,0.0,0.0,0.0
0.0,0.0,0.0,0.0,0.0
0.0,0.0,0.0,0.0,0.0
0.0,5.607188235157595e-17,0.0,0.0,0.0
5.607187160380797e-17,0.0,0.0,0.0,0.0
0.0,1.121437647031519e-16,0.0,0.0,0.0
0.0,0.0,0.0,0.0,0.0
5.607187160380797e-17,0.0,0.0,0.0,0.0
0.0,1.121437647031519e-16,0.0,0.0,0.0
0.0,0.0,0.0,0.0,0.0
1.1214374320761595e-16,0.0,0.0,0.0,0.0
0.0,0.0,0.0,0.0,0.0
0.0,0.0,0.0,0.0,0.0
0.0014980236021370794,6.385041403763199e-05,1.6268829676389475e-07,2.141318534837986e-07,7.511007007867453e-09
8.971499456609276e-16,0.0,0.0,0.0,0.0
0.22737935285927127,0.05265685409157576,7.132357571630743e-05,7.865984678713418e-05,6.042795486943838e-06
0.0,0.0,0.0,0.0,0.0
0.056779964105239056,0.0038149746421464958,3.2946751516429964e-06,1.581162395332605e-05,1.9246924545480775e-11
5.607187160380797e-17,0.0,0.0,0.0,0.0
0.00012097556987543964,0.00010711428387141968,1.6054826658514526e-08,1.2784608918136929e-08,1.719571749313972e-08
0.0,0.0,0.0,0.0,0.0
0.0011121104362517304,0.0031946434049542317,3.821181165184082e-06,4.6838842136757785e-06,5.373370379802235e-08
5.607187160380797e-17,0.0,0.0,0.0,0.0
0.14325878224926594,0.0020348646244696283,1.735008768075853e-05,1.5966732792037133e-05,3.997774918397039e-06
1.4564004323330828,0.6654467726481819,0.0002205312505740284,0.0010819447406893758,0.00022189323857203853
0.00012678097318871066,9.731005975272684e-05,2.086063179705715e-08,1.623053780710493e-08,1.6430674487086226e-08
0.0015363069387343289,6.862981410187944e-05,1.5409022221228494e-07,2.454083382426734e-07,6.838981401291968e-09
0.0,5.607188235157595e-17,0.0,0.0,0.0
0.0012415574874187973,5.990274248172064e-05,8.930216475178055e-08,2.1521151624388702e-07,5.999282134165806e-09
0.025854549466650042,0.011511578341695123,9.358139930865681e-06,5.751227927442931e-06,1.9330324409826455e-09
0.0012638222789202417,6.041775687080395e-05,1.2117449093933664e-07,1.2628747591388582e-07,1.1122353587770658e-07
0.2886039163617165,0.023067165325551253,8.108901778999797e-05,0.00016826017052330003,2.6107988930879624e-06
0.896596333381439,0.19350126604153714,0.00023820983273768965,0.000315301428923988,1.1042233536277331e-05
5.607187160380797e-17,0.0,0.0,0.0,0.0
5.607187160380797e-17,0.0,0.0,0.0,0.0
0.0016732769690891275,4.007234150880339e-05,6.553467131600165e-07,8.937612176738989e-07,1.9643094181940536e-08
0.0005704933509477486,1.727659145114065e-07,7.976627333636175e-08,1.0992087981317103e-08,2.383488256567779e-09
3.6246316735345254,0.7140014691589562,8.722268625087369e-05,0.001196504351886272,4.864863114117432e-05
1.000861033097341,0.011257584139688812,0.0002758976144623181,0.0002725860509971067,6.77880400294225e-06
0.003774397260652173,0.0024261377848858994,3.56652219065539e-07,2.6142405577207573e-07,3.1910795971028775e-07
0.1812846751271463,0.14096679776476878,1.3835896185779421e-05,3.303055028246678e-05,2.0917447487041254e-05
0.0,0.0,0.0,0.0,0.0
7.008983950475997e-18,0.0,0.0,0.0,0.0
0.0014050071199338378,0.0001637204995995842,1.474561110624097e-07,3.015355897257073e-07,1.6562458384114004e-10
0.0,0.0,0.0,0.0,0.0
0.19561957717061387,0.04782068796561675,9.028403212939233e-05,9.022215535318921e-05,8.447045978065221e-06
0.0005880636671556008,0.00012119623930349206,1.1096001392972503e-07,9.898894659409737e-08,2.970045069738244e-09
3.619535041405351,1.0819391843204713,0.0005213111275438895,0.0008783318230360011,9.498665874399472e-06
0.19850419894117796,0.0951020708125902,0.03372648899595726,0.003969693903357481,0.0028205833987175397
5.607187160380797e-17,0.0,0.0,0.0,0.0
8.779536701032368e-06,1.2519731377364763e-07,1.4615624132515697e-09,6.713132071451386e-10,1.2309313813913566e-11
0.44802143279836293,0.3667046815802334,6.774564850579553e-05,6.048895040854592e-05,5.7444819769235764e-05
2.578464422924976,0.5562535542809975,0.00022629815258919643,0.0006004285469240832,9.639950393072316e-06
0.0,2.242875294063038e-16,0.0,0.0,0.0
11.493279858464454,9.00664494033109,0.0007110979506541671,0.0007865545506634971,0.0005130248082810399
0.0022060151844364344,0.000518991372955419,3.6144730750575445e-07,3.5446704992777563e-07,2.9088765522508984e-09
0.0,0.0,0.0,0.0,0.0
0.0,0.0,0.0,0.0,0.0
0.35019687709550235,0.043533045313011984,8.086745827681191e-05,2.7161847400029544e-05,5.6202886283567085e-06
0.0,5.607188235157595e-17,0.0,0.0,0.0
4.485749728304638e-16,5.607188235157595e-17,0.0,0.0,0.0
2.6902857517430583,0.9942223053195159,6.971398969343608e-05,0.0001708301957087349,9.312128065773355e-05
4.485749728304638e-16,5.607188235157595e-17,0.0,0.0,0.0
0.0,0.0,0.0,0.0,0.0
6.373072432558626e-05,1.4796851996482212e-05,4.474120361745959e-09,8.438902695567992e-09,1.8281440504356557e-09
4.485749728304638e-16,0.0,0.0,0.0,0.0
0.0,0.0,0.0,0.0,0.0
0.0,0.0,0.0,0.0,0.0
0.00028141799666129896,0.00034063993604378323,6.957399810931775e-09,5.901312787404524e-09,5.195407074961394e-10
0.0,0.0,0.0,0.0,0.0
0.0,0.0,0.0,0.0,0.0
5.607187160380797e-17,0.0,0.0,0.0,0.0
0.0,1.121437647031519e-16,0.0,0.0,0.0
0.0,0.0,0.0,0.0,0.0
1.1214374320761595e-16,0.0,0.0,0.0,0.0
0.7603727336886407,0.009795057138182447,9.83455833741301e-05,2.1468408383601006e-05,3.3693405703618293e-06
0.3775694891703945,0.04657491620142342,8.212978968384932e-05,1.2992091417008302e-05,4.798382338238563e-06
0.00036447318765343866,0.0001124406252123225,6.787582282271816e-08,7.146281808188484e-08,2.4286484961581053e-09
5.607187160380797e-17,0.0,0.0,0.0,0.0
8.971499456609276e-16,0.0,0.0,0.0,0.0
0.5662567731462587,0.08605577044899819,0.00012470380800947103,0.00010022324299319821,6.201424372792e-08
0.2756971564087831,0.10371305952335837,6.687106218605687e-05,6.84972351299776e-05,1.6902993067518326e-05
0.011880099081430959,0.0011238519660478376,9.943501442623858e-07,1.3701110728148e-07,7.936800877711844e-08
0.00033400441773500864,0.0002239572803320496,5.619842544199937e-08,6.429929075165635e-08,5.316076826762473e-08
0.0,0.0,0.0,0.0,0.0
0.3760451390234933,0.3346384823028077,2.18310491228276e-05,1.9120453318073807e-05,1.5971950878350817e-05
0.0007032442825690128,4.185464381209054e-06,1.9755227480455327e-07,1.939200151880768e-07,1.7370828757991684e-07
5.607187160380797e-17,0.0,0.0,0.0,0.0
0.00016749269166226144,2.527933410493338e-05,3.658229503577133e-08,3.092014379209063e-08,1.4475832168916246e-09
0.0006969064641362108,0.00428558640009102,2.004744273086663e-06,2.3325119113323395e-06,2.0876260480887212e-07
0.00032693849173265625,1.526543970805665e-05,3.3257922655938636e-08,8.102633568451531e-08,8.563008303547087e-10
0.0,5.607188235157595e-17,0.0,0.0,0.0
1.9357795715788164,0.46682922196075105,0.0007114566462596017,0.0006719135040106925,0.0002049526950226673
8.971499456609276e-16,0.0,0.0,0.0,0.0
5.607187160380797e-17,0.0,0.0,0.0,0.0
0.0,0.0,0.0,0.0,0.0
4.485749728304638e-16,1.121437647031519e-16,0.0,0.0,0.0
2.7162829172840306,1.377647543454463,0.00017717463995750932,0.00037567582586947465,0.0003924962998024368
5.607187160380797e-17,0.0,0.0,0.0,0.0
2.531897863470867,1.8841096914935123,0.00015534055725409453,0.00034190247131574326,0.00029633746423892305
0.31154707608906035,0.035071721118700896,7.618031705634902e-05,3.663050352169372e-05,5.009867239218167e-06
0.0005753770000969712,5.7456824960902684e-05,1.3787334867757365e-07,1.1544340748116895e-07,5.702464082175204e-09
5.607187160380797e-17,0.0,0.0,0.0,0.0
0.0,4.485750588126076e-16,0.0,0.0,0.0
0.0,0.0,0.0,0.0,0.0
0.09269518045706747,0.0014636187940234907,3.08711164077362e-05,0.00016322284331902405,3.864099563604977e-07
0.001768758758542689,0.000217237118504819,5.5827622395440244e-08,1.0141867240158329e-07,9.154334993673277e-08
5.607187160380797e-17,0.0,0.0,0.0,0.0
0.5613846942786341,0.07579201284553205,0.00012962087566205211,0.0001092743347032808,5.158211823771894e-06
0.0009671557328461088,5.478316361730937e-05,6.716558901237262e-08,7.211537995911627e-08,4.062378599229675e-08
4.485749728304638e-16,2.242875294063038e-16,0.0,0.0,0.0
0.0,5.607188235157595e-17,0.0,0.0,0.0
0.0,5.607188235157595e-17,0.0,0.0,0.0
1.7898236860538759,0.17399068543378815,0.000668252809203469,0.0006473917057372893,0.0002589512078436404
0.0005623208043268024,8.658533829689552e-06,1.0962040921446198e-07,2.129674050510901e-08,1.303507716059828e-09
8.971499456609276e-16,0.0,0.0,0.0,0.0
5.607187160380797e-17,0.0,0.0,0.0,0.0
4.3672227836942703e-05,1.4738780660671545e-05,6.549144806589694e-09,5.440800828296804e-09,5.5567732570536704e-09
0.2828239151557701,0.07067534118269522,3.2949400055693914e-05,0.00010742259290531245,5.8194742632393845e-06
5.607187160380797e-17,0.0,0.0,0.0,0.0
0.00015014909001543144,1.3506787775568976e-05,6.4927688462965525e-09,8.922011627544807e-09,7.794252622435083e-09
0.038450881583446145,0.03281052491280146,7.518774587072644e-06,6.2662191654835256e-06,6.283151080810624e-06
5.607187160380797e-17,0.0,0.0,0.0,0.0
5.607187160380797e-17,0.0,0.0,0.0,0.0
47.3997541484844,7.670710568481765,0.019060955050589204,0.021856649675861886,0.00024895657498065027
0.0,0.0,0.0,0.0,0.0
0.0,0.0,0.0,0.0,0.0
0.5113436466565855,0.37613361321112837,6.024581508965945e-05,4.4410736970706436e-05,4.1039439284860974e-05
0.0,0.0,0.0,0.0,0.0
8.546820124885332e-05,5.112028945649996e-06,3.623183807695253e-10,1.9561646417717947e-08,1.00898568115869e-09
0.0,0.0,0.0,0.0,0.0
0.0,0.0,0.0,0.0,0.0
0.0,0.0,0.0,0.0,0.0
0.0,5.607188235157595e-17,0.0,0.0,0.0
3.58859978264371e-15,3.588600470500861e-15,0.0,0.0,0.0
0.0,0.0,0.0,0.0,0.0
5.607187160380797e-17,0.0,0.0,0.0,0.0
0.3418804399971405,0.04624101222013833,1.2312327794518581e-05,0.00011165266429118939,3.448017765354212e-06
0.0,0.0,0.0,0.0,0.0
0.0,2.242875294063038e-16,0.0,0.0,0.0
0.005046899121966259,0.00023220372468640027,1.0933865502552615e-06,5.339440200309833e-07,1.7796722817932384e-08
1.1214374320761595e-16,0.0,0.0,0.0,0.0
0.0,0.0,0.0,0.0,0.0
5.607187160380797e-17,0.0,0.0,0.0,0.0
0.0,0.0,0.0,0.0,0.0
5.607187160380797e-17,0.0,0.0,0.0,0.0
0.0,0.0,0.0,0.0,0.0
0.25950413267459277,0.8469015351729356,0.0008588294598425179,0.0001163386414585527,0.0001385797402768495
75.24219317656255,106.97373972697582,0.001182987141362303,0.0016662961397620637,0.0013508369255884015
0.0,0.0,0.0,0.0,0.0
0.006050297545392019,0.0004209413981718683,3.7804723227274015e-07,1.6585014002681766e-06,2.023164394251498e-10
21.39746857071827,3.2118504229894316,0.007528536344991248,0.0025526828133741507,0.004211578279335467
0.2763785148470716,0.09561731541892009,3.9888339003440264e-05,0.00012086800691805028,7.41722808224858e-06
0.0005727603159575379,0.00034635979195933705,1.920684876403809e-07,1.6571809883476708e-07,1.876096607291164e-07
0.0,0.0,0.0,0.0,0.0
0.0,0.0,0.0,0.0,0.0
0.0,0.0,0.0,0.0,0.0
0.0,0.0,0.0,0.0,0.0
0.10270757207150276,0.021013073304456748,1.487600518253454e-05,8.557191178819445e-05,4.402162513467452e-07
0.0,5.607188235157595e-17,0.0,0.0,0.0
0.0,0.0,0.0,0.0,0.0
0.3242487150009717,0.02644401670192103,8.002405403076912e-05,4.252998319082019e-05,6.3207243391644995e-06
0.3775694891703945,0.04657491620142342,8.212978968384932e-05,1.2992091417008302e-05,4.798382338238563e-06
0.0,0.0,0.0,0.0,0.0
0.0,0.0,0.0,0.0,0.0
0.0,0.0,0.0,0.0,0.0
0.0,0.0,0.0,0.0,0.0
0.0,5.607188235157595e-17,0.0,0.0,0.0
4.485749728304638e-16,0.0,0.0,0.0,0.0
0.0005522172549891139,0.00041334703474207944,1.7614889290356284e-08,5.1858255454217625e-08,2.2352539312507463e-08
32.50523467198734,3.2939634843927,0.0020376324777706387,0.005977647250161691,0.004119253920274462
0.0,0.0,0.0,0.0,0.0
4.485749728304638e-16,0.0,0.0,0.0,0.0
0.0,0.0,0.0,0.0,0.0
0.16079044390923372,0.09890838492478522,5.113844330541916e-05,1.8586018453264264e-05,1.6812498986965422e-07
2.351892793895168,7.636085961140817,0.006620472768459173,0.005115480806501613,0.00407441884878243
1.3907890963868255,0.7562245278438906,0.0007093555735567217,0.0007628768681279291,2.687389475733228e-05
0.0,5.607188235157595e-17,0.0,0.0,0.0
0.060080955483112874,0.0029280368247037196,2.9946710722997887e-06,1.6467177345300832e-05,1.1113390266116803e-07
0.0,0.0,0.0,0.0,0.0
0.0020315247059052846,7.659514001768028e-05,2.90215614622135e-07,1.8566651144498046e-07,1.8317789299910155e-08
2.1580445082746986,0.2959134942931295,0.0008458095361374864,0.0005152204309215323,4.9553642839016025e-05
0.19435442369889916,0.06486931284428143,5.7603644318272534e-05,4.395206697702647e-06,9.535536810032987e-06
0.0,5.607188235157595e-17,0.0,0.0,0.0
2.0786944319743177,0.9834444207366152,0.0001214377856444683,0.0010208865787876048,0.00010952614466608949
0.001417431291643178,0.00015458408056026645,3.5179877771376446e-10,7.075773902700042e-08,6.710991131206644e-08
0.6595238546403143,0.4123305177797097,0.002323620789878251,0.0017957683494514423,0.0016509797938135304
0.0,0.0,0.0,0.0,0.0
5.607187160380797e-17,0.0,0.0,0.0,0.0
0.0,0.0,0.0,0.0,0.0
0.001565609890743577,2.020599953935538e-05,2.5888027635827614e-07,1.1284749351162376e-07,2.4915006071668857e-09
0.7146516274825141,0.16726744931860021,0.0001428753865187976,0.00013934427766754774,1.542627185656112e-07
0.0,0.0,0.0,0.0,0.0
5.607187160380797e-17,0.0,0.0,0.0,0.0
0.0,1.7943002352504305e-15,0.0,0.0,0.0
1.1501430125533765,0.012768347434829349,0.0006479195936467636,0.0005171866219875734,0.0004624848876049661
14.85911234430783,0.4817298201967508,0.005343747386465927,0.0017688766361851234,0.0030345312922831474
1.0475825239682814,0.8029640907402189,9.027260283868138e-05,9.536731818130377e-05,0.00010725289308309119
0.0,0.0,0.0,0.0,0.0
1.794299891321855e-15,0.0,0.0,0.0,0.0
0.0,0.0,0.0,0.0,0.0
1.1214374320761595e-16,2.242875294063038e-16,0.0,0.0,0.0
0.0,0.0,0.0,0.0,0.0
117.30443573296655,27.26616452330667,0.010680794596867224,0.012574795487866632,0.009835752297378169
0.0,2.803594117578798e-17,0.0,0.0,0.0
7.008983950475997e-18,0.0,0.0,0.0,0.0
0.0,0.0,0.0,0.0,0.0
0.00010647819191826986,8.700943979354778e-06,1.370919811842529e-08,1.1952770038951529e-08,1.19519875135949e-08
8.071642929578523e-05,4.456009854541195e-06,5.422918145803983e-09,4.852491581082565e-09,7.87462736000968e-11
0.0,1.121437647031519e-16,0.0,0.0,0.0
2.242874864152319e-16,0.0,0.0,0.0,0.0
4.671775972657019,5.241136251475117,0.0002752686809596535,0.0002925872049258576,0.00018007155046921092
0.0,0.0,0.0,0.0,0.0
5.607187160380797e-17,0.0,0.0,0.0,0.0
8.797961486534685e-05,6.617195203855777e-06,2.224401951299576e-09,1.4911412575947083e-08,2.2535044963523655e-10
5.607187160380797e-17,0.0,0.0,0.0,0.0
5.607187160380797e-17,0.0,0.0,0.0,0.0
0.0015805310980494991,0.00015042896224236752,2.93457178994727e-07,3.0115313677755755e-08,2.618623630921626e-07
4.485749728304638e-16,5.607188235157595e-17,0.0,0.0,0.0
87.11675246288542,13.50065451559866,0.01621729077418389,0.0024120917954294626,0.003262985557777873
0.0,0.0,0.0,0.0,0.0
0.7491174206436733,0.4908282677437033,0.0001584254250081783,0.00015207858201268839,0.00010147355654533901
0.0024720381929810354,0.00023330996019006844,2.697929869326566e-07,2.081957432405783e-07,6.98065662449217e-09
2.4061809258061887e-06,1.3186128221507515e-07,2.73781042504645e-10,2.05673200413807e-10,5.794915189804514e-11
0.2578820553769822,0.14762164977751735,0.00011469082403879665,9.0366472737479e-05,3.243999532316054e-05
5.607187160380797e-17,0.0,0.0,0.0,0.0
0.0,0.0,0.0,0.0,0.0
0.0,0.0,0.0,0.0,0.0
0.0,0.0,0.0,0.0,0.0
0.00015181761693021153,1.0055211224514244e-06,1.2361698880605634e-08,1.2087964826756278e-08,5.090318161399125e-10
4.485749728304638e-16,2.242875294063038e-16,0.0,0.0,0.0
3.58859978264371e-15,0.0,0.0,0.0,0.0
1.500531914521241,0.7562293948698017,0.00011678837864621126,4.445988601568772e-05,9.66328127072247e-05
0.0002262412586184455,0.00020487625032315082,5.181561003603258e-08,5.294185197884296e-08,4.899673875335071e-08
5.607187160380797e-17,0.0,0.0,0.0,0.0
0.0002916858274583792,0.00026707724076962316,1.226462460345742e-09,1.5559870158385043e-08,1.1642673907041152e-08
38.379030164891304,46.76383245241027,0.011769628218988274,0.003350486675554747,0.003401984270738012
0.0,5.607188235157595e-17,0.0,0.0,0.0
8.691469249795694e-05,2.1488459912972694e-05,5.674479410085791e-09,1.889793251869026e-08,7.842292309682828e-10
0.0,0.0,0.0,0.0,0.0
0.0,0.0,0.0,0.0,0.0
0.1483363996230567,0.027484424583721828,4.3961636295799925e-05,8.138377335523097e-05,5.090191780483343e-07
0.0004533349629075456,0.00037307432805520354,6.631384022585191e-08,4.0299397596754716e-08,5.8632494915057684e-08
0.0,0.0,0.0,0.0,0.0
5.607187160380797e-17,0.0,0.0,0.0,0.0
0.00028598162495372,0.0003226603671942286,2.2615167819054276e-07,2.3339550841854764e-07,9.512332960399527e-09
0.0686794473407797,0.08568364623673311,8.193021493391268e-05,0.0001352253012928646,7.374691462081587e-07
0.0,0.0,0.0,0.0,0.0
0.0,5.607188235157595e-17,0.0,0.0,0.0
1.794299891321855e-15,0.0,0.0,0.0,0.0
0.0,0.0,0.0,0.0,0.0
0.7130027722195473,0.38506138726621186,0.0001731224065214526,0.00020552127978949194,0.0001924128474254143
0.0,0.0,0.0,0.0,0.0
5.607187160380797e-17,0.0,0.0,0.0,0.0
0.0,0.0,0.0,0.0,0.0
0.3730525595428572,0.3555543388548435,4.139622647519685e-06,6.72266322482502e-05,3.91429315168261e-06
0.0,5.607188235157595e-17,0.0,0.0,0.0
2.0642344503203484e-05,0.00013719633814504112,2.8210661384809323e-08,3.420023900484258e-08,2.6429601680845633e-08
13.836150727315234,9.568783991220299,7.75953711216338e-05,0.0003150043111727839,0.00011784338575903828
0.0,0.0,0.0,0.0,0.0
3.876101038909645,0.22723529397833672,0.0011605169599582968,0.0020646695501201733,0.00010459686462786407
1.545607502414458e-05,1.9511397328022134e-05,2.5224345671946805e-09,1.3853650956726007e-09,1.2001241050633845e-09
0.0,0.0,0.0,0.0,0.0
0.0,0.0,0.0,0.0,0.0
0.13607412557864404,0.11351186615542469,0.00012281771740465307,7.864810933539555e-05,1.982971031125729e-05
5.607187160380797e-17,0.0,0.0,0.0,0.0
2.803593580190399e-17,0.0,0.0,0.0,0.0
0.0,0.0,0.0,0.0,0.0
0.00011542277325230388,2.80853957503636e-05,1.4879424156217155e-08,1.2135382235672424e-08,6.566821395983479e-09
0.0,5.607188235157595e-17,0.0,0.0,0.0
2.2319489007837743,1.9684765191909246,0.0001742969082363745,0.00019356585421510843,0.0001704812786812655
0.0,0.0,0.0,0.0,0.0
0.0,0.0,0.0,0.0,0.0
5.775982310327502e-05,1.143178897951849e-05,1.7224847031675336e-09,1.0205364352583987e-08,5.215132312596736e-10
3.58859978264371e-15,3.588600470500861e-15,0.0,0.0,0.0
4.485749728304638e-16,0.0,0.0,0.0,0.0
0.004899472911326116,0.00036842379320839235,1.1429768367053665e-07,1.0510968107683223e-06,1.2336283445355132e-08
5.607187160380797e-17,0.0,0.0,0.0,0.0
0.0028809406666195124,0.0019874539595901414,2.0805804677105304e-07,3.5349682874464944e-07,3.143207577945599e-07
0.01834778788014993,0.0006358804122391328,6.679861032819247e-07,8.555725358905532e-06,2.460820428724452e-08
1.794299891321855e-15,0.0,0.0,0.0,0.0
5.607187160380797e-17,0.0,0.0,0.0,0.0
2.242874864152319e-16,0.0,0.0,0.0,0.0
0.0,1.121437647031519e-16,0.0,0.0,0.0
0.0005297717714559529,1.5776827655326072e-05,8.553069274606073e-10,2.743387692783988e-08,1.8976300883530793e-08
0.5167020371148088,3.505716255410709,0.0011968326083055087,0.0009034899603576817,0.00012970393470297024
8.971499456609276e-16,2.242875294063038e-16,0.0,0.0,0.0
0.0,0.0,0.0,0.0,0.0
0.0,0.0,0.0,0.0,0.0
0.0007174533528584074,0.00045140262320884954,7.42277916487955e-07,6.428359182764188e-07,5.59429084042087e-07
5.607187160380797e-17,0.0,0.0,0.0,0.0
0.0,0.0,0.0,0.0,0.0
0.4277870965233823,0.003112567317401259,5.5959592639191665e-05,9.469299882951889e-07,2.486515140547787e-06
2.409033952651032,0.41010319428396685,0.00012560964478225355,0.0005509484086833346,1.1745491690505365e-05
0.0,0.0,0.0,0.0,0.0
1.9130963755609675e-05,2.5168142236410547e-06,2.0522130951612962e-09,2.2036392498586938e-09,4.785960215517822e-10
5.607187160380797e-17,0.0,0.0,0.0,0.0
0.00011975490778396508,0.0001052730038324183,3.820287220013821e-09,5.123620692427895e-09,3.5876539572766993e-09
0.003843994276460195,0.0007986339744337117,5.783093808186643e-07,6.488504307334501e-07,1.4553529124429986e-09
0.05629711465949986,0.06585245072432033,7.216565838299728e-06,1.0348300177430708e-05,7.0122630498775125e-06
5.607187160380797e-17,0.0,0.0,0.0,0.0
0.28399108612957735,0.062170626702866515,3.951408284229847e-05,0.00010352506754458234,5.65166199943811e-06
4.485749728304638e-16,8.971501176252153e-16,0.0,0.0,0.0
0.0008582388362985319,0.0014238384394512542,4.277548890998026e-07,3.446434161263248e-07,3.1309364420570517e-07
1.9163902942315053e-05,3.085259884201641e-07,3.1718566310586877e-09,3.3576841943343894e-09,1.1467702722654564e-10
7.697111407520682,2.3351102521401317,0.002250366309494242,0.002648238769817272,7.34197441703881e-05
0.582459869912631,0.002408511986767888,0.00011372045343588852,0.000164247029395988,7.968951818203557e-07
2.327268278411455,0.8207607995147117,0.00042530604278610655,0.0006919254191010356,2.3905149589752033e-05
0.363677413624288,0.038547847421047186,8.032613916324449e-05,2.0179106542315854e-05,5.021548599499245e-06
63.235770307574334,4.270685158107943,0.007793283148154771,0.010145996544256394,0.008738506499562145
117.91552016859158,2.726207532663825,0.010700897775763425,0.014948231074934789,0.011779880806506956
0.0006093175994091119,0.000557084129252946,4.680487166127996e-08,4.706975999365408e-09,6.694410877119038e-10
0.0001318626515306625,0.00014677956705669117,2.62515676645056e-09,1.2222140289233364e-08,2.667813181980462e-09
0.0019971831760878292,0.0003738468815671115,7.471474659506663e-07,6.690577916815894e-07,1.2000365976193243e-08
0.0,0.0,0.0,0.0,0.0
0.0,0.0,0.0,0.0,0.0
0.23866081203516848,0.03862484903619367,7.684294956646194e-05,7.035037060017884e-05,6.427607875727504e-06
0.0,0.0,0.0,0.0,0.0
0.0009580515747678922,1.0014426104781179e-05,9.962343569187493e-08,9.478293507289612e-08,8.998759997794608e-08
1.1214374320761595e-16,0.0,0.0,0.0,0.0
0.0,0.0,0.0,0.0,0.0
0.0001291886897356879,0.00011984547672968066,1.4540058948031899e-08,2.0488621470549196e-08,1.4370207956022596e-08
0.0006225331098632167,6.497087710269674e-05,2.2450361751880199e-07,1.8222684075934827e-07,5.344941115053093e-09
0.0,5.607188235157595e-17,0.0,0.0,0.0
20.28650789409622,18.747829029277135,0.0014038814892633217,0.002056989745014948,0.0017043552137662762
0.0,0.0,0.0,0.0,0.0
5.607187160380797e-17,0.0,0.0,0.0,0.0
0.0,0.0,0.0,0.0,0.0
1.2876611805910514,1.0098801285688546,8.942505948310776e-05,0.000177273705012014,0.00015636176350263648
0.0,0.0,0.0,0.0,0.0
1.5242713566207203e-05,1.0715629328055642e-05,1.0915741699703282e-09,1.9149375240163892e-09,1.6973424876664809e-09
35.23977801175344,11.635788584342063,0.0068373909594344525,0.0030648771528250843,0.0033339770013491084
5.607187160380797e-17,0.0,0.0,0.0,0.0
1.794299891321855e-15,0.0,0.0,0.0,0.0
2.661807111984123,0.39872076356061215,0.0004986000998754815,0.0004985581354118901,0.0004490860492312344
0.8465406087666061,0.1952872474586574,0.00019953222004228315,0.00024924862364113936,6.68910042482003e-06
5.607187160380797e-17,0.0,0.0,0.0,0.0
0.0,0.0,0.0,0.0,0.0
5.607187160380797e-17,0.0,0.0,0.0,0.0
0.0006131505125748614,0.0008501826676641411,5.27888095000972e-08,3.250202858386852e-09,2.728440544407346e-09
0.00044782358118650346,1.4291434688212152e-05,4.321005557604946e-08,2.7949347760803715e-08,5.437971511393205e-09
0.0,0.0,0.0,0.0,0.0
0.0,0.0,0.0,0.0,0.0
0.0020010437911585316,0.0003469019457156872,2.5057222821268434e-07,3.2983384824720775e-07,8.663256028799266e-08
0.002067893807916106,0.0008500598611410443,8.035323333790267e-07,8.292828637258112e-07,2.6179049887127918e-08
0.0,0.0,0.0,0.0,0.0
5.607187160380797e-17,0.0,0.0,0.0,0.0
0.1459094773239879,0.006191292749724866,6.219521565751609e-05,6.5860569568297e-05,2.669092767329364e-07
0.0,0.0,0.0,0.0,0.0
0.0,0.0,0.0,0.0,0.0
0.0,0.0,0.0,0.0,0.0
1.774231486881913e-06,1.0367349669972262e-07,4.0591228424264914e-10,1.1128141847424486e-10,3.1665212049320967e-12
0.07826916850875329,0.022051923732513353,6.7038713751656325e-06,1.883228042926597e-05,7.56238595604327e-07
1.5700124049066231e-15,7.289344705704874e-16,0.0,0.0,0.0
0.0,0.0,0.0,0.0,0.0
1.1214374320761595e-16,0.0,0.0,0.0,0.0
4.6083651393477426e-05,3.9833320290481294e-05,9.9671582924586e-09,8.744187274870323e-09,7.941011618234155e-09
0.0,0.0,0.0,0.0,0.0
5.607187160380797e-17,0.0,0.0,0.0,0.0
0.0008725312496618589,0.0002017271061893538,3.6297701832273244e-07,3.3268596364645027e-07,5.807153663578842e-09
0.0,0.0,0.0,0.0,0.0
0.9770596440530313,0.03598856675506279,0.00026614245243195,0.00012956230588856532,0.00010123622922833991
5.607187160380797e-17,0.0,0.0,0.0,0.0
8.971499456609276e-16,4.485750588126076e-16,0.0,0.0,0.0
0.04730740213950575,0.04235557061691961,5.26128809282861e-06,4.927299052076422e-06,5.118872447820791e-06
0.0002129000473546527,3.2733779923960807e-06,3.542405467564479e-08,5.067139186188678e-08,3.469125288543022e-10
0.003998169380735344,0.0015387787842330444,1.0640048037543576e-06,1.1109915192264452e-06,1.807673192819146e-08
0.005032040470197871,0.004141362506768951,7.38972764467653e-07,4.674265829605553e-07,6.61917986909617e-07
0.0005602039371297487,3.227437773870398e-05,1.1924383592435992e-07,1.2614066792991422e-07,4.950475067287232e-09
0.0,0.0,0.0,0.0,0.0
0.0,0.0,0.0,0.0,0.0
0.0,0.0,0.0,0.0,0.0
5.607187160380797e-17,0.0,0.0,0.0,0.0
5.607187160380797e-17,0.0,0.0,0.0,0.0
1.1214374320761595e-16,0.0,0.0,0.0,0.0
0.30152401736908135,0.06645723295784108,1.1115458886107908e-05,0.00010741349954962482,4.676292049690625e-06
0.0,0.0,0.0,0.0,0.0
0.0,0.0,0.0,0.0,0.0
5.607187160380797e-17,0.0,0.0,0.0,0.0
0.00028112873605105654,0.0001949700665283572,7.558576380094323e-09,3.601214540418853e-09,3.6145591756983995e-09
0.7404835612786772,0.044775971379486634,0.00021393459523714816,0.00022561828599371086,6.160403882578025e-06
8.971499456609276e-16,0.0,0.0,0.0,0.0
0.19157188132039987,0.12442300851377647,3.679807312122552e-05,9.507286012167104e-05,3.738838028835749e-05
0.0,0.0,0.0,0.0,0.0
0.0008398250268411956,4.363245325274415e-05,8.177519245563686e-08,5.0008555893752904e-08,1.1729268857123856e-08
4.4777684641450996e-05,3.686124772237416e-05,1.3334910484596394e-09,3.220665275510319e-11,9.264648902881072e-11
0.13412003780187504,0.009147260345203113,1.039037364913228e-06,2.6128076782538645e-05,6.425639432264556e-07
0.0,0.0,0.0,0.0,0.0
5.607187160380797e-17,0.0,0.0,0.0,0.0
0.8744516548489017,0.24901249237727335,0.0001538849705462408,0.00013786870039354685,0.00014101714798151298
0.0,0.0,0.0,0.0,0.0
0.0,0.0,0.0,0.0,0.0
6.112822641216348,1.770074172695386,0.0011979165415921136,0.0010052552425032222,0.001088579853439144
0.0,0.0,0.0,0.0,0.0
0.0,1.121437647031519e-16,0.0,0.0,0.0
3.58859978264371e-15,1.7943002352504305e-15,0.0,0.0,0.0
5.607187160380797e-17,0.0,0.0,0.0,0.0
0.05093131227093818,0.05428179072075786,9.282458684260494e-06,6.9848299681862455e-06,6.86739113218584e-06
6.04340853057689e-05,2.6723532956266445e-05,9.136825335405029e-09,9.974102044564566e-09,4.4194281377969135e-09
0.0007139799580301115,0.000564162749972383,6.939617561333785e-08,5.511802043254455e-08,7.20795547514359e-08
7.297468751744459,2.1552398506495494,0.00038528664501670924,0.0009992826326392912,0.0008025696666868384
5.607187160380797e-17,0.0,0.0,0.0,0.0
0.0,0.0,0.0,0.0,0.0
0.00032001706937369307,2.626507747510184e-05,2.9246611841439124e-08,2.9611001722075877e-08,2.635023684230311e-08
0.001260853018495938,7.174432533190258e-05,1.6051966549045332e-07,1.756718800712022e-07,5.108753424765245e-09
